,0
0,497214.3370230588
1,278734.44507582264
2,953903.9075043218
3,644502.5182349869
4,139521.6238872761
5,660981.7838694038
6,744239.1239869237
7,1047072.2358311794
8,345375.5252222547
9,124766.43496667419
10,490303.1139893009
11,137933.82857239223
12,158475.24256938766
13,1004518.2905519584
14,298397.3621640211
15,470453.6000902868
16,440318.40711523127
17,588144.9426765059
18,494164.85147074435
19,923953.0542350025
20,1858141.0730345543
21,699812.9078409778
22,205594.79559415334
23,365707.93603057275
24,542739.8746281319
25,113462.47574730287
26,269656.4270321592
27,715812.1682843651
28,561697.946952428
29,542486.7921435524
30,301456.6202071995
31,629376.2427426433
32,499655.81449907285
33,796560.6841454925
34,166035.79174097907
35,322773.5468373465
36,11031.518798301462
37,411116.73283402296
38,402158.46413585485
39,475244.55175841425
40,389755.16060958174
41,121445.18674969359
42,1825978.7260202079
43,403296.9973500542
44,685701.2381100928
45,503630.1317321762
46,513287.2086747007
47,233842.3809769142
48,595264.3831277031
49,593948.016749369
50,805905.1461729503
51,207082.4137958758
52,384726.40011386527
53,1312729.1756742492
54,618806.3509972516
55,559162.4068967426
56,626986.6261236167
57,391009.7015872116
58,280542.0902126897
59,422192.8767287956
60,13729.665371933108
61,984492.2099352444
62,263780.2045508059
63,460545.0552750003
64,349190.5524440947
65,448210.3480863542
66,601252.3047692912
67,197973.26654360967
68,464519.60668281943
69,929551.1696480098
70,71708.01417157374
71,877268.5656252622
72,475213.0444131752
73,1151303.093531269
74,627481.8564452248
75,229372.68346330198
76,881700.9082022461
77,386473.6760909781
78,1637475.9083268521
79,356415.7483490079
80,386714.0456889656
81,1098544.8653380475
82,364613.0567730686
83,847324.4005438604
84,928518.3504444684
85,1738770.2751321807
86,604010.1947729267
87,758070.6672522445
88,464660.66918898886
89,650174.7712251339
90,1299488.3130521746
91,737574.0156973641
92,121973.6189589533
93,722241.2729664758
94,402236.1308095268
95,349152.2260550624
96,319215.99412180483
97,99030.75121872302
98,434040.5903705468
99,1053392.3833059878
100,725935.3023385124
101,342013.2308438688
102,287569.22853242594
103,415202.28580365644
104,561055.9774604872
105,792693.1766611523
106,483810.57159904274
107,1368666.100641346
108,-54546.03992985925
109,325540.28340931947
110,465422.9970589578
111,403354.8459004557
112,466513.8846429422
113,319782.44394384185
114,694958.216839079
115,24252.65200748507
116,1947189.7846891736
117,505982.56565503986
118,405651.4581686014
119,659604.9506541212
120,388691.46339790267
121,426445.8843076319
122,1058786.9961844657
123,197027.4811276417
124,395011.06919632317
125,1061816.6486218565
126,943980.0048429158
127,459978.7402246366
128,2065127.8056391096
129,707708.797744042
130,819384.2117077282
131,625850.6458162318
132,222802.07050413341
133,272270.9444111871
134,994874.5389738372
135,520651.67297571606
136,530341.0111397238
137,417593.0462726423
138,932368.4330608135
139,201275.18980368634
140,385378.31637612975
141,916703.8009530462
142,633594.3016574832
143,93863.82591982145
144,378910.3571588448
145,2258325.2851623343
146,562289.8245688049
147,-78085.3392899383
148,657061.8940532996
149,115283.84817209304
150,1204374.9248106084
151,528604.0427525515
152,701404.4817125413
153,1664298.946988667
154,213237.14716980106
155,469772.55086505716
156,611716.246165675
157,558796.3925312671
158,132052.85040545074
159,420064.22451717244
160,1333777.502319824
161,554404.6535229301
162,634441.7819881259
163,288719.8458520246
164,1282872.5539568285
165,245950.52218261687
166,111311.02820334083
167,644130.3516045281
168,196558.74358990777
169,480179.57784793526
170,61317.339155035734
171,980235.8857445575
172,388116.15217702393
173,455767.5532887351
174,146895.77260867233
175,931523.3927638661
176,696470.0212042367
177,109275.16622376646
178,163585.23816426547
179,284244.88123131567
180,-40198.16536463861
181,1230342.881506141
182,540996.0936892685
183,388410.86457637104
184,297517.2563038436
185,734403.0130806942
186,569171.436788096
187,609535.7990530248
188,421757.2928175939
189,578040.0309838332
190,166461.58599307382
191,206052.31905910798
192,94971.44880125707
193,321131.0601712869
194,381741.1847840259
195,419527.5185815401
196,276855.87933800713
197,558864.8679238216
198,809458.6512778547
199,900105.111307248
200,828160.9596712796
201,1271387.4662338777
202,635170.419296824
203,695600.1428446837
204,194938.32628624892
205,464410.42654370563
206,336095.45125665155
207,564573.7765311454
208,234616.61641924444
209,203018.74598148366
210,989735.1751819081
211,589562.8831360664
212,1286516.6619561466
213,251530.04415398597
214,136177.7708208206
215,690884.9345786496
216,366160.8003672431
217,375790.13661046827
218,165045.46644160862
219,146118.56686177553
220,978579.1015113716
221,569125.5378598393
222,786917.7486675404
223,532152.3253174763
224,258270.740376478
225,288219.45908055775
226,114547.48146578122
227,216824.52282582287
228,126948.64018545562
229,226707.71712532442
230,666297.6546991557
231,1069039.2166974377
232,825333.2436966402
233,131894.17176381388
234,1174873.8848243058
235,491363.2880880163
236,585610.4956422868
237,875792.9548707863
238,931675.9805905798
239,530331.5711300301
240,478364.876845718
241,435812.6651609092
242,690032.1432518724
243,564858.1604318849
244,865413.5463168193
245,262404.3876348706
246,531292.4466138416
247,392736.27145640156
248,876698.2176790184
249,976116.2289858984
250,888810.9902778636
251,508948.6951526762
252,897863.1367844648
253,1386257.59733876
254,624740.31833639
255,76468.47304337285
256,438246.64269484347
257,1054451.1588247437
258,493169.2791266823
259,631137.8361352369
260,651220.1701868507
261,303530.856017318
262,827121.03454957
263,797782.6006063198
264,451579.78722439916
265,357547.3115501987
266,719230.7760818365
267,616581.2430925383
268,542108.983222147
269,1754145.97250907
270,753954.3416127434
271,515951.9225930752
272,762582.74045191
273,571712.9775762134
274,770192.5851981316
275,271043.82695234986
276,1010729.6698807583
277,613715.4088178158
278,267021.1167910635
279,553942.5250648825
280,547133.6577951282
281,431223.5643580002
282,654666.2538230973
283,257418.3000326624
284,203868.21324465267
285,389035.52239717473
286,414004.3853998929
287,393652.23179315357
288,1312161.272424002
289,406110.00671052095
290,307740.76020191854
291,491393.8672385339
292,401567.8320448166
293,473992.670898841
294,903141.0227195977
295,962784.4330282274
296,521238.92202026607
297,249472.30337093567
298,835534.6932388679
299,794465.1497279614
300,38116.58249381103
301,207230.65122890176
302,950138.6991077377
303,1237395.816626745
304,619633.0196470517
305,830754.0388729204
306,270600.73247270373
307,878400.012623559
308,347340.64057644235
309,552368.5638606935
310,-51040.03283199656
311,297701.1486749458
312,130394.24162538006
313,349765.8156224885
314,246912.95802068425
315,505942.61055676604
316,607299.1208623091
317,202919.35329931043
318,745811.7252918839
319,1944122.2132612513
320,463587.1726151088
321,434284.33132848586
322,64626.76488294167
323,429690.2523296155
324,885986.5949761057
325,861072.4681177391
326,755602.8718911805
327,514126.40319620864
328,1351053.5220181607
329,68772.46224346146
330,317563.50878583477
331,174481.95906308934
332,568241.6555650012
333,597815.950135938
334,449763.11830532725
335,279591.4756006537
336,-61958.50732443188
337,746748.741065734
338,548797.0448803771
339,354471.9568277976
340,381985.6760973468
341,619332.3715454271
342,858103.8090068845
343,700927.432418459
344,269856.4015937556
345,166523.5797907131
346,67098.42350748391
347,727332.9182677678
348,405666.0550106206
349,290206.19431453594
350,427809.67383460246
351,389133.42622687365
352,1072276.4042874936
353,342843.61423499987
354,211103.81681683817
355,562714.0269862415
356,304890.8418809193
357,639049.6933747492
358,-334757.3235498862
359,565151.365101213
360,1348267.0848302168
361,88136.86552341189
362,-32957.324870095064
363,119636.48920260137
364,348807.1471750934
365,444192.00385842926
366,254935.03052025917
367,304335.45713270654
368,57599.77341560315
369,881114.4437724298
370,1266553.5026422837
371,849288.414833324
372,475703.92319314706
373,482219.179157653
374,1394523.3501046055
375,134780.83911739272
376,287752.2557128753
377,902848.253143661
378,746728.7683624178
379,355320.0103888939
380,753289.6131156455
381,695117.8107223074
382,356108.8136539336
383,680816.628210524
384,661805.49882831
385,1148738.1856374696
386,358742.96240919374
387,837860.5986118736
388,521739.219670365
389,492412.1196806516
390,183545.7397634667
391,960112.3400234883
392,149028.4954429206
393,447054.1432378328
394,-196960.1807349259
395,403724.75551204465
396,20582.286597414466
397,934029.7041715784
398,617277.9774855155
399,657487.659209184
400,111186.92136151751
401,1326843.98709844
402,712522.5962446905
403,68933.16408289643
404,512628.752061635
405,1574415.539801836
406,1059242.6985570944
407,-36641.70265671809
408,249951.2667985441
409,962431.3793814757
410,702340.8436053089
411,91306.16863133362
412,241561.96974299772
413,103651.80837761832
414,561182.8702813785
415,470306.2328275868
416,440082.21406568366
417,136308.28567479085
418,474176.6695800128
419,540631.7694397292
420,268840.418949944
421,100865.3017755971
422,234126.9612459087
423,527367.295378944
424,190034.2153292843
425,748232.0986748798
426,337898.4793229187
427,547305.1084091855
428,798606.1642892833
429,113468.11203056219
430,387934.54883637815
431,595601.60813013
432,836712.9580912117
433,178519.72690023226
434,458725.0163119659
435,856407.6093743404
436,72594.14977076952
437,579234.8472807903
438,1423298.8159476682
439,487440.2845253869
440,539652.3055842203
441,537329.1033871504
442,778368.8236436406
443,470500.68589568697
444,1412505.7584422778
445,665093.6408575526
446,368168.68096309656
447,424579.9282018277
448,1378365.4976851721
449,586943.1553085535
450,316374.3334539351
451,538654.3207667149
452,92084.15034558816
453,519618.59879838175
454,539260.3418256473
455,696648.0949075649
456,195451.40052651934
457,163424.15159600106
458,181498.25511187786
459,636342.3180469795
460,258687.62166955625
461,472910.07409652206
462,296915.8737625927
463,254323.9260569602
464,144172.97124576906
465,499658.04981628025
466,364551.0043879512
467,568761.5260777428
468,172150.87549570086
469,445938.62621452624
470,282501.34143726644
471,362391.4279364345
472,327697.5768807295
473,365931.71852458373
474,215241.35985883413
475,475636.5177765249
476,492381.30506374687
477,213791.38778813818
478,298861.30359968764
479,391658.67407005606
480,284273.88417617657
481,425074.71885005967
482,475789.377006894
483,417252.99669195875
484,285980.4577694411
485,395133.06504915294
486,566424.5581316763
487,456388.88238724205
488,298586.6909163891
489,361652.80333001085
490,1141513.5271887889
491,513712.1204366734
492,87509.96659666533
493,502026.594428319
494,91351.35592673859
495,979428.4773616302
496,449618.2721756814
497,987039.0300221471
498,344642.3222621338
499,601590.0318806419
500,818690.8321326037
501,777389.1543533371
502,773700.1442664113
503,195966.2375195379
504,675559.6288304495
505,551063.0827208533
506,605401.6016389893
507,433750.2874809323
508,1117449.9222017205
509,333544.2435214424
510,863996.6615348144
511,1074552.148821894
512,743265.9697794074
513,318848.182829138
514,1276412.971772883
515,655346.2466661739
516,511668.8072970712
517,494786.44489318575
518,433418.06883106055
519,489935.0640507359
520,206967.77975237527
521,44059.51178530761
522,1319564.0862848228
523,979874.308368986
524,712081.664963276
525,330875.87025780557
526,665711.7120025341
527,439529.9254883168
528,641657.569308376
529,316135.9553066044
530,274711.2766549605
531,191663.55676505202
532,441180.6697865756
533,1033570.395601487
534,736655.880356386
535,751003.4465837488
536,271377.3193058162
537,834011.8537767611
538,1136384.9229065296
539,379957.7448119788
540,121977.61541772645
541,906517.5407561744
542,1108806.5852522894
543,152759.66325377714
544,1130451.4701901353
545,546272.3280351328
546,148871.6692668667
547,478549.55092512676
548,405419.49062284094
549,225760.25375514053
550,1144924.456161715
551,460316.6978377722
552,423723.1051626775
553,219006.17250405817
554,481000.0243582155
555,221233.32409171225
556,810023.6796624715
557,433788.4053767007
558,278758.04489899153
559,349428.30014053895
560,277929.35054122796
561,200151.3305026947
562,1510281.3136038303
563,359933.6472502077
564,211465.3048649623
565,805740.1515800878
566,185169.25892982096
567,695271.0400582517
568,247799.10566851863
569,593988.7794066322
570,445119.362528846
571,227137.12240029324
572,354044.0750106026
573,640749.8267979765
574,751580.6440444979
575,-80318.09276401025
576,1181311.907669523
577,461818.6075267247
578,634575.2412229807
579,155490.29052469617
580,452445.0240770866
581,608189.0751354474
582,254746.75884674274
583,784036.443168821
584,682528.1932144732
585,158830.3715372252
586,271655.22002678015
587,331026.5697951154
588,378350.06864485797
589,532171.5475832474
590,536650.2265915478
591,-185775.99125645007
592,500503.58915410645
593,-21687.17979360145
594,705714.2078935569
595,186295.1882779444
596,772023.3370665828
597,429198.9694412458
598,316028.73382990144
599,386680.31890775857
600,662688.6211843617
601,535111.3557426718
602,462699.5155873229
603,679517.9897324791
604,657558.7118527859
605,114557.10950325453
606,687110.1507429132
607,542197.0554037342
608,683444.4671914903
609,917774.214835471
610,518403.8190123552
611,167635.68463741575
612,599722.7832832837
613,1564410.7099918537
614,115015.9191671121
615,775125.405578635
616,783424.9008510356
617,325933.48180350557
618,394808.91469661205
619,835482.2657321058
620,718606.3404193382
621,470539.2132350358
622,352198.5994272372
623,593530.9552769436
624,390454.224518587
625,394254.1700264112
626,134154.10439655784
627,367787.54753275134
628,343189.2070367732
629,696732.5605508939
630,342588.99865253526
631,828009.8976998343
632,233329.94456538628
633,669505.761761231
634,412963.5781284848
635,445633.57435871323
636,572024.8640555721
637,230854.41519493255
638,96747.85064328898
639,425997.11056351976
640,119497.61549466534
641,438918.05171637784
642,653488.5994276748
643,1057984.5316119536
644,-181019.19312160887
645,394415.84585104464
646,409682.06021279434
647,472158.7744864456
648,402984.14576169266
649,254152.11505716975
650,1315897.0119537893
651,358101.53272081935
652,1438914.692912847
653,260740.86476017936
654,615159.0805342895
655,454287.80299307033
656,218516.3837980692
657,317049.7794982103
658,925368.4862453244
659,572113.828380026
660,616539.7340140839
661,1053479.3644035242
662,334051.50706294994
663,498591.4836078128
664,520535.39180941205
665,1496383.5883226502
666,366670.3276122472
667,362508.13206123165
668,552264.4720758995
669,548675.433491933
670,537516.0609617109
671,373440.0868142119
672,1677528.1022557819
673,267811.34336808225
674,370531.6137680531
675,520274.3369561435
676,948223.3826646071
677,732784.7370163815
678,315799.2016714824
679,783447.9134502157
680,264862.70281339757
681,255534.969513895
682,434055.9422627094
683,878966.3045876711
684,480533.2810749989
685,276789.66995103535
686,662394.6235863023
687,762354.0630439448
688,790702.709003059
689,913254.6870779158
690,520762.8045976218
691,911875.6506778235
692,449555.57416330813
693,802030.3937933741
694,392387.49437432387
695,934175.9238929539
696,278544.7356098438
697,198696.5626208373
698,336342.98154916964
699,741540.7828554955
700,490269.96844715334
701,468487.6923413817
702,644807.7794069236
703,600592.0122222523
704,589656.4144087967
705,404141.8569110312
706,393543.8606380393
707,519146.0811762215
708,283277.0837577084
709,152647.7272543753
710,358431.4821358351
711,-113380.59264268827
712,355423.0283062408
713,650285.2275811961
714,302439.5859114252
715,476700.32466012915
716,301927.8299632524
717,1362804.8556238739
718,344956.74209713924
719,547751.3645526883
720,99841.10983633384
721,479339.99783314264
722,71876.14654926618
723,502628.82413199625
724,624834.9684402233
725,488597.7902170727
726,338755.0699130546
727,550936.8812918674
728,341553.1225908296
729,426920.8008029809
730,444256.8112718507
731,1257039.130177151
732,136895.61553471367
733,459781.03439187666
734,518119.8859005077
735,835473.483957726
736,1604402.3216613338
737,1203157.9983865463
738,243579.48121464014
739,300593.7950506944
740,550655.8756975246
741,696308.6128578297
742,939917.065892216
743,272316.80587942706
744,475785.73341447255
745,179786.56512511265
746,758112.7890827424
747,712442.0133754861
748,106048.81085239997
749,278417.5433407939
750,680127.9615395968
751,433726.2298904483
752,928619.3808699707
753,298446.0421844206
754,1104113.5870948497
755,335903.5607308855
756,100274.41883953457
757,474743.54807921033
758,407924.2090660557
759,325309.369668597
760,393290.28013451037
761,622128.2715584148
762,859811.0888725233
763,823985.4694028948
764,300286.376285451
765,-5672.977312874893
766,466238.88659789436
767,294431.51644432405
768,475003.8449548731
769,471478.5319236098
770,660930.0150901875
771,1030805.6162817769
772,1258671.2641585667
773,383904.4011149078
774,613834.3447522643
775,870842.5747288177
776,642083.7958038585
777,645879.7792174213
778,661408.351948505
779,664285.2215997282
780,132789.26192997384
781,965966.1479401821
782,746993.910845877
783,798770.9700611391
784,277145.7976618178
785,486327.3786413147
786,305649.1771267287
787,120532.64948538278
788,497339.5214580104
789,939234.5418084094
790,3185.6193894044845
791,431057.95693182014
792,657933.0375371397
793,249586.7881108247
794,896398.3467538201
795,342489.3560633486
796,603398.1468511086
797,450495.8914650347
798,713507.7394006895
799,211678.6008443394
800,1768171.4853259607
801,474852.4070348999
802,1515702.5657756294
803,385780.7095906001
804,502044.00626303686
805,377108.313041836
806,798158.3316721496
807,767107.2692630606
808,227078.96104380232
809,170529.0954509306
810,675670.249007191
811,234232.22835589072
812,454507.72110302805
813,346626.4537529972
814,957746.7500702301
815,394345.88427000074
816,388296.08420724084
817,962220.7865357061
818,29916.127971070993
819,1142746.0187760612
820,925040.1499158468
821,747432.4052375834
822,1526517.4230765854
823,5489.985827049357
824,890101.0869434893
825,1018771.6542286468
826,584312.4687987174
827,285303.31805023254
828,431033.96518585016
829,9622.56119516978
830,572272.2755902451
831,972760.4894260359
832,133231.62257741857
833,571985.3778824582
834,319967.4219054283
835,711751.4109419826
836,366569.2913555355
837,645308.3588327494
838,231659.50042309257
839,1074297.4379094406
840,346360.923052878
841,250627.10871580627
842,715096.9775424311
843,430527.8648205546
844,1121990.2895463407
845,255471.199928088
846,137302.75753102015
847,571157.8865499995
848,649079.0667512486
849,2772228.590637217
850,457814.46127263573
851,96377.54033245635
852,419214.77056915243
853,674283.0662115641
854,397678.11927096325
855,120127.37562366418
856,383800.2609468413
857,1070095.6511849891
858,512462.26435614796
859,446729.0957145757
860,939268.8683466134
861,331758.9893578406
862,296604.00814181985
863,121429.23392724333
864,1331967.314485421
865,661371.5569817517
866,575151.4073125034
867,249218.10166920716
868,71574.07273116964
869,546302.1552481888
870,326570.2037567033
871,196695.4993442783
872,636454.6614459271
873,746931.6547312974
874,542377.2237617755
875,732001.2795845307
876,101475.88806094072
877,556997.3781858896
878,553736.7989212826
879,385340.99691165856
880,459064.74154944136
881,-30972.492421592673
882,814984.6287336871
883,302969.54163994314
884,257124.3479073618
885,183670.09086762363
886,1244138.5627208846
887,586520.9061970849
888,397201.4609783002
889,312947.5368329594
890,510436.31743158307
891,366350.35355423135
892,569531.3668112145
893,674062.3001106855
894,559496.3796062656
895,493177.63531161787
896,414876.5721949327
897,-95302.35968438553
898,764170.809549604
899,259755.4917713086
900,347515.1750567367
901,702047.1892689308
902,349265.0932009667
903,182846.46955402364
904,901176.7513766657
905,112134.20007952361
906,729879.3158842797
907,193365.8178163034
908,586027.2321161871
909,732102.7187379489
910,285173.82890472724
911,377037.80640071735
912,870753.4542226349
913,528744.8064212025
914,381658.64538168535
915,437418.1968227001
916,363815.8903247195
917,153938.34266045206
918,308571.37879588327
919,217384.37829615478
920,612924.8408760246
921,832741.4308497529
922,863887.4808982308
923,255005.83978260047
924,442289.54295644443
925,270412.78774413595
926,328760.0530877847
927,979573.4654785106
928,367682.67004967213
929,595255.4387253406
930,314605.7041856055
931,518260.2490947988
932,405183.76563407306
933,164593.0776177718
934,466150.2712789151
935,180170.72194537788
936,642326.9541941636
937,271245.0927593627
938,655805.2414860476
939,390226.7435030625
940,531435.526997563
941,669865.2523409465
942,586335.9534359437
943,763511.8379103559
944,586156.9395774079
945,1188598.3754591683
946,497366.4060861999
947,706112.4622254069
948,699371.8720939738
949,357454.09192958893
950,1448808.136518458
951,446276.22331888473
952,524856.7531837632
953,717131.7598986306
954,1128751.4269227625
955,176715.18129446922
956,780803.2510120397
957,184685.4644440047
958,526421.3756249591
959,691587.631401423
960,294777.339859847
961,863616.4927407347
962,496367.22426836914
963,299291.0389066208
964,1328226.2004558789
965,218417.44627009652
966,1574221.1289435618
967,336556.5625374112
968,653966.3240151587
969,472324.6585910849
970,201379.19193929568
971,415601.47528560273
972,205182.91227680212
973,395198.8790685369
974,134145.7839019043
975,1224483.923473517
976,616174.6634950753
977,-85074.01211385388
978,341368.2979059989
979,282150.369059193
980,1220753.8422819078
981,269092.1084948086
982,510071.1845686585
983,410706.84914201114
984,834525.1852497002
985,63007.208484770905
986,486021.972140027
987,615167.3349386451
988,237244.80550787534
989,290551.748281191
990,666213.8465597574
991,862770.9012850653
992,205212.6013090787
993,615889.6917399418
994,738796.3400958289
995,519436.5117956371
996,358283.2990714519
997,1602207.104692046
998,837197.601216259
999,820240.378262979
1000,218523.67092681205
1001,538249.5544043155
1002,398982.5428721757
1003,641048.7386511347
1004,1107297.870503612
1005,136204.679229112
1006,690393.6829845139
1007,804829.0832803886
1008,449801.16062560235
1009,323964.25748673186
1010,1447174.5241481015
1011,724761.2281763263
1012,-27582.862905310903
1013,219860.80611926032
1014,1053469.9480493483
1015,732567.1792595247
1016,611145.2816668003
1017,578953.0653168566
1018,1345193.2472072826
1019,315906.8873260609
1020,546863.4267764182
1021,556435.1900727242
1022,68503.74197497516
1023,509588.298514895
1024,511057.85314162937
1025,504455.48970152345
1026,556557.2190518695
1027,664110.1856716519
1028,372414.14597943984
1029,509342.7730016998
1030,489977.7750358158
1031,-200340.50197899
1032,447181.8458869858
1033,88613.46075563831
1034,432205.8877379494
1035,810980.7693340956
1036,700056.9632879223
1037,405835.0079176638
1038,305191.41814284027
1039,365279.92560319114
1040,308559.0085422051
1041,651008.1632775518
1042,1193645.6474497465
1043,814386.9143380034
1044,1142460.5953103784
1045,1117910.6296900974
1046,589062.6855780031
1047,488521.64998068975
1048,144814.94032393885
1049,1483687.3999975086
1050,162129.82237460447
1051,631181.9452971834
1052,411150.2495814137
1053,769879.6318884749
1054,628336.5911200588
1055,1119480.371757932
1056,1470007.1863707595
1057,764808.0803474042
1058,343409.8269219345
1059,260817.8106015973
1060,605036.2231467125
1061,1050133.9359758906
1062,741320.369704016
1063,776711.5142608751
1064,207120.4154332967
1065,859121.832482506
1066,792162.2174702827
1067,833603.4529281186
1068,1790928.298632682
1069,641323.7344335016
1070,333550.06567829836
1071,493158.6619334611
1072,347659.55556454393
1073,165620.8765936747
1074,359724.6943787477
1075,651504.2226451228
1076,4598.648224326578
1077,550456.2234355109
1078,355635.44808084343
1079,453732.02352720173
1080,378021.84848080645
1081,833557.5025544071
1082,152280.2601119578
1083,14905.326186037535
1084,421299.4628480738
1085,251586.60193266993
1086,506092.71724064404
1087,1560945.2364913186
1088,896717.5274015705
1089,1070982.7425885445
1090,586937.6440119654
1091,347929.8666577061
1092,16309.78716085243
1093,621842.7558425448
1094,585820.963258611
1095,664731.1193444653
1096,384247.4990386423
1097,624399.25035177
1098,334100.1863191882
1099,258039.20707847585
1100,427788.85194619384
1101,502124.0394201537
1102,643096.4778566522
1103,303640.0161022635
1104,480708.4847450906
1105,542298.4120554008
1106,102803.23115500633
1107,454855.5539237452
1108,105143.19264149648
1109,503114.2854081411
1110,1110821.7109075305
1111,567218.0181604893
1112,369889.56427149836
1113,755492.9664392679
1114,324938.8632026949
1115,209233.88270155445
1116,75827.84761289891
1117,1220287.2366165991
1118,218902.06783120596
1119,435507.2179155373
1120,232809.7682301863
1121,1153154.1526069867
1122,537482.3385784011
1123,654473.9385974176
1124,523013.9552358354
1125,414378.4440737801
1126,408566.68453163886
1127,453992.79167292744
1128,200935.06091075647
1129,459497.62024502386
1130,545974.5865656058
1131,1069306.9630536707
1132,365232.48505496676
1133,600182.5367886695
1134,494684.99840364594
1135,618079.4830414881
1136,588338.5162160523
1137,1350675.5283511418
1138,712034.0115713018
1139,903573.3686929541
1140,376899.728708814
1141,-27062.418344679347
1142,306376.167911249
1143,411025.46547957545
1144,1150914.2215252763
1145,842743.833979933
1146,663401.4018435221
1147,279471.55827299226
1148,477447.27721162175
1149,396997.19677864364
1150,539704.4935373723
1151,1060946.3999024564
1152,1702377.2623792954
1153,185724.80336975376
1154,490013.0887195107
1155,267683.1861358433
1156,641271.4938697868
1157,626319.7044845317
1158,911633.3322317202
1159,446355.26013107144
1160,527669.7767981841
1161,625954.5711143296
1162,475513.1023856028
1163,302542.29786090704
1164,876159.3133739755
1165,898416.7904222975
1166,1170689.0030809115
1167,326520.86983448814
1168,430444.672967928
1169,1146367.3395170069
1170,221045.01778531488
1171,414893.17098439415
1172,102931.44151618186
1173,583030.577511913
1174,718714.0392026565
1175,292693.4676802127
1176,1758636.687159542
1177,427894.60864660295
1178,690388.6002329247
1179,439554.4901317336
1180,490656.78940668574
1181,662393.6877617169
1182,293508.9945121221
1183,1203984.243087274
1184,500819.4161416121
1185,699599.6562612044
1186,553401.7324059916
1187,459612.8793783721
1188,560380.8866194373
1189,709526.1080005991
1190,367947.2989298294
1191,203234.9139916806
1192,785758.9410812347
1193,515223.4630203489
1194,541161.2313136846
1195,693862.1555360898
1196,128336.04538483766
1197,533731.560136527
1198,628419.5578922735
1199,852061.5715533802
1200,323209.3475670975
1201,584489.3613487066
1202,204830.60953151854
1203,1244964.5474142493
1204,1105808.6497032638
1205,359086.25971928344
1206,737805.8544475134
1207,1143954.7111137102
1208,345270.09730448155
1209,238802.6190729023
1210,598573.8794689795
1211,448809.7062234415
1212,144567.90430089814
1213,91711.93649301963
1214,1257589.1589419248
1215,369788.24279331404
1216,766866.6780037269
1217,686989.916688299
1218,1106823.0881421617
1219,236507.3829216584
1220,812448.560354951
1221,948768.1046234439
1222,400873.0135607779
1223,342792.25780872325
1224,355359.4209680655
1225,257310.43265778193
1226,374650.4698083366
1227,192579.10451529582
1228,129995.21932978014
1229,1152023.7610873207
1230,491470.5761036342
1231,817710.4382436113
1232,954751.6914440249
1233,933309.0914673158
1234,433812.1027145041
1235,796432.925265834
1236,231021.3239254228
1237,460772.16712934745
1238,806644.1973599351
1239,252024.2733257712
1240,351032.56374520226
1241,328724.02665520797
1242,708723.7208348891
1243,550533.6375531777
1244,1034244.9521929442
1245,95231.22020045843
1246,733161.2617706963
1247,742826.5321580367
1248,369971.80358372885
1249,483872.52929488325
1250,618918.0200489681
1251,567666.8958436056
1252,571844.9359579291
1253,317003.1775668345
1254,1333313.226598177
1255,284614.1208910519
1256,819242.1716432439
1257,342000.0259920582
1258,595493.4422968916
1259,365708.32813994715
1260,1220188.0066983474
1261,806949.8307079336
1262,788702.9538827095
1263,574482.1882553782
1264,719264.262509563
1265,1157259.6381247034
1266,974687.7396660901
1267,908861.9191090709
1268,692538.4149426066
1269,98163.12124386895
1270,178036.23462560307
1271,282296.8305869744
1272,935247.3473610866
1273,396803.3106380211
1274,1217359.8721448772
1275,518823.0578382717
1276,1069283.4023490315
1277,352257.6814871768
1278,106335.98073257558
1279,685895.9963350707
1280,46174.06071985676
1281,270217.3077913617
1282,1784784.8243208425
1283,607616.379928737
1284,749930.525661743
1285,317973.33002374927
1286,600976.533763591
1287,594205.3560402255
1288,423223.7482084329
1289,690068.5532987051
1290,289920.5842385534
1291,563555.4425518285
1292,301067.32084479276
1293,542960.6789629719
1294,875562.3175412498
1295,537032.1716112335
1296,602796.4548945212
1297,171667.58814171545
1298,-160757.65681354195
1299,831862.6410440679
1300,637687.568477733
1301,332369.7002656739
1302,263104.68272377446
1303,158611.166224639
1304,1351542.6349551326
1305,435601.1469147769
1306,822246.7528343073
1307,523509.6923745697
1308,44980.045770744386
1309,110393.58536609606
1310,487030.00438680337
1311,455858.66939774633
1312,324861.7119167772
1313,566070.7045224978
1314,586978.6902935294
1315,346783.700527015
1316,545244.2896277267
1317,272806.2103545178
1318,526303.8812533733
1319,326855.243539362
1320,490053.1578013726
1321,236708.37149608287
1322,744571.9755647443
1323,476437.8191429144
1324,905308.853253782
1325,370089.2727919766
1326,511939.010741313
1327,589065.5996123301
1328,458475.07135427115
1329,361753.2723533673
1330,869043.189964188
1331,459779.0038161229
1332,1107370.6209931555
1333,376274.85883749207
1334,340905.09106840764
1335,-134768.99105234098
1336,629785.9783570708
1337,691103.4611599937
1338,148497.66937491734
1339,735604.4945603646
1340,270574.47040605836
1341,199448.02854426455
1342,755960.5255588214
1343,101887.94487859186
1344,660554.5641384652
1345,150961.28389414784
1346,518381.1622230471
1347,314940.3484130164
1348,118654.42332471523
1349,1609262.0807877202
1350,249151.07434981997
1351,304632.67304794106
1352,823043.565157016
1353,378356.6712880742
1354,444416.5055403769
1355,609662.4074439195
1356,1136427.3378012432
1357,461834.413932591
1358,1290694.9295228045
1359,361823.24110045494
1360,266755.85230683605
1361,35552.79252310266
1362,719884.3453367617
1363,509134.5867883577
1364,678549.0834824543
1365,269595.91145615274
1366,1421243.081093615
1367,271900.8678397795
1368,1300315.2009015484
1369,859503.1838943267
1370,934499.7511721249
1371,417877.0065177219
1372,1099872.6335078613
1373,1230272.9288870103
1374,736159.6773430139
1375,247446.956240926
1376,374098.002787489
1377,767074.6633533923
1378,499404.4634534579
1379,642254.0940879701
1380,286947.53970881365
1381,569225.8523388819
1382,442209.3935471985
1383,583743.6235715537
1384,287026.6795865587
1385,494453.7964586086
1386,702690.3514782096
1387,50758.89089491166
1388,-172900.0050035827
1389,198380.3786236138
1390,247837.85418841447
1391,146692.71828051034
1392,658819.7572637234
1393,777514.3335848431
1394,2069297.6732741036
1395,591755.4983448791
1396,1357190.8839983498
1397,648927.9002521934
1398,354202.65045952506
1399,-33780.203256293025
1400,631477.5487360058
1401,361026.13257750764
1402,406038.39756241103
1403,317583.22941667994
1404,350355.11352040444
1405,717226.6910693066
1406,157496.71596174146
1407,365243.33749081066
1408,517699.2260219627
1409,533501.0961043393
1410,646186.5153008995
1411,910689.9783683738
1412,1422334.4292146508
1413,550538.7609526775
1414,523019.0953114121
1415,998075.428221513
1416,265521.6954548101
1417,725113.9997168973
1418,585846.2028103324
1419,1400328.789709948
1420,1017018.743253038
1421,775996.2365691321
1422,593176.2832170621
1423,802684.6601735047
1424,283744.48715356307
1425,275852.0260922152
1426,1384112.9334706515
1427,851217.7583768361
1428,743084.9036473214
1429,233672.24138228846
1430,520338.38901758473
1431,-114018.38550136992
1432,422513.62271808286
1433,330611.8585182306
1434,278796.6207104284
1435,544203.5970537197
1436,449973.7998761183
1437,1314228.5178943612
1438,264841.81875986146
1439,856423.4898234718
1440,83611.50789761939
1441,459581.7847431939
1442,435079.3427274056
1443,827985.9723040108
1444,225309.83728934958
1445,1035924.8751796333
1446,784708.8076157852
1447,412459.3378734208
1448,753598.3724972998
1449,915058.1681389112
1450,324846.4830151611
1451,226378.67972702737
1452,1287987.2005008268
1453,392216.2247093114
1454,465087.07934119727
1455,1098410.4934659083
1456,702584.6788778345
1457,968567.2583144177
1458,563082.2097278859
1459,1544468.808975759
1460,407958.74432208925
1461,993762.9864987524
1462,371084.9875278607
1463,271108.8387571023
1464,571338.7028338871
1465,98407.69558542239
1466,918847.1967436792
1467,240865.221221379
1468,615177.2017211693
1469,-266606.1743072821
1470,537467.9016262948
1471,1065733.45120484
1472,223299.84767348762
1473,515673.3277263676
1474,1186283.439759421
1475,395941.0545519942
1476,481834.65899646597
1477,1174714.2576612171
1478,206552.65171792032
1479,566371.1930412693
1480,701217.3591116554
1481,796786.772375334
1482,464051.1035457505
1483,746488.6024263828
1484,1222389.5524156452
1485,936057.022325964
1486,828053.1733306551
1487,354705.43248711457
1488,488110.4524269471
1489,382450.03463346115
1490,401535.33986968524
1491,389995.3020646883
1492,508378.5491239845
1493,433722.3271175269
1494,788885.3818383095
1495,246376.18628863
1496,415614.01272492995
1497,305846.9445860799
1498,552723.6033067331
1499,359538.9009642316
1500,862741.5827633289
1501,504009.5732865018
1502,458767.3568473514
1503,225922.63131069945
1504,755824.5637858124
1505,401464.05974254466
1506,246221.4923437212
1507,757766.5301639597
1508,439504.66726786294
1509,415106.1732141437
1510,530536.8075055169
1511,453278.5191375122
1512,278722.36348975636
1513,241296.74537588313
1514,454639.65143333003
1515,789458.6053776368
1516,412233.5952531259
1517,264276.06884841353
1518,834679.1207195816
1519,96489.15603156661
1520,495627.1122843876
1521,601320.5056365806
1522,173074.34279542364
1523,136778.21505058435
1524,784099.4859204716
1525,139212.71786684374
1526,880672.9605178081
1527,146357.8476050992
1528,341150.74267793074
1529,112329.11999652674
1530,18401.03510786366
1531,564288.1647801216
1532,372173.29757777194
1533,439013.1745973093
1534,477840.3128352697
1535,370228.76238157274
1536,655595.615085848
1537,1054802.8559903367
1538,678464.8298952469
1539,1412617.1553543317
1540,645744.2048430764
1541,404912.4684607601
1542,1177904.2963758146
1543,113651.61882878118
1544,429667.67387890327
1545,684154.1200476027
1546,745523.2842893695
1547,501009.6434607309
1548,833629.3008929326
1549,95549.72441994568
1550,401193.0671731947
1551,86991.17622514156
1552,635761.6201929005
1553,968303.5862607763
1554,509848.9586697285
1555,679766.9246137805
1556,550348.686652507
1557,598196.9284331237
1558,835227.0975847477
1559,185719.74720061728
1560,584146.6507831576
1561,900754.1534300847
1562,330265.5047624338
1563,480877.8155858723
1564,496162.5713345511
1565,252112.37983067305
1566,472017.1472297588
1567,1226919.8878279382
1568,714862.196377026
1569,630336.4503822455
1570,696590.2592749415
1571,474978.2369006623
1572,419784.8586705342
1573,405476.28882545186
1574,193076.16050621058
1575,941699.4434682224
1576,841953.623813112
1577,166807.60064583004
1578,558303.188221108
1579,307192.57264107093
1580,106196.75781212398
1581,913412.4928035461
1582,196422.57629882428
1583,729243.3456314238
1584,1546947.1837351206
1585,181098.57706502342
1586,772663.5193075378
1587,743757.7947941885
1588,184381.40036083228
1589,1012707.0814719682
1590,673954.660707494
1591,285391.29817179363
1592,470474.1959638464
1593,770204.1757160221
1594,543617.9727603336
1595,307388.53254838125
1596,590896.2156519068
1597,47381.41176560271
1598,705659.6882053646
1599,524703.2270712395
1600,129907.2583682093
1601,512570.12825167587
1602,686616.5136191915
1603,1487503.9645841478
1604,930169.3084567082
1605,821527.3245893794
1606,717190.4542085369
1607,909418.3711430845
1608,843151.1983371002
1609,630048.1577467701
1610,463950.89530887664
1611,187603.22755467868
1612,474129.6112209471
1613,877699.0642424622
1614,319132.4106877687
1615,299375.8245768569
1616,278071.6225283999
1617,1294260.0579162065
1618,1410725.304043299
1619,1030495.0913300377
1620,808045.378975055
1621,970219.094742974
1622,570622.2924442319
1623,1491518.4085350703
1624,563224.110763987
1625,1395402.8152650297
1626,717112.0286545794
1627,309477.54127110715
1628,331639.4875181315
1629,851690.9878447158
1630,993910.8898706497
1631,1109215.81887903
1632,234294.0295822366
1633,470284.13102159277
1634,496497.6184389752
1635,197526.5414045886
1636,701536.6324786057
1637,663902.4912352532
1638,922495.8531158913
1639,372926.5661470386
1640,1769319.3060343661
1641,108256.63605547388
1642,331121.75523025927
1643,302606.66632507765
1644,883692.4902166948
1645,221145.1310839653
1646,322941.53063619183
1647,1471943.6097304688
1648,344792.5689447019
1649,533999.3123379052
1650,871103.2180232634
1651,499339.11077013845
1652,264247.3792378831
1653,345487.0719902216
1654,676305.2350710282
1655,625443.640641723
1656,982080.3984990716
1657,397555.6165092859
1658,332609.1242571919
1659,546137.9848424816
1660,1087305.9914465742
1661,185133.51814249618
1662,477118.8037770743
1663,480418.8286117328
1664,1040390.0644623127
1665,376425.91739302815
1666,1039725.0325697537
1667,-268054.5509411578
1668,502607.25099013734
1669,884329.0602316342
1670,121817.96665775625
1671,245751.49712131335
1672,478185.9615741668
1673,1104.8485171171778
1674,377526.1743638988
1675,262497.4927637286
1676,664917.1147528492
1677,425407.2346640418
1678,483487.2159922689
1679,644619.6550666103
1680,936037.9930223203
1681,300927.07675081294
1682,1133494.3463508948
1683,370076.1015802643
1684,1218463.642579493
1685,212301.48774432647
1686,37749.67015425651
1687,1205834.9055554774
1688,682265.428067524
1689,277559.11752700334
1690,936165.6295837841
1691,1513862.3066360063
1692,352867.56631377875
1693,391788.631157661
1694,231920.7347148136
1695,1046262.8653184746
1696,924727.9257666261
1697,581446.1742549489
1698,749093.5261538451
1699,478412.6809821073
1700,574756.8689351742
1701,95583.3453513303
1702,247684.37150902726
1703,417585.90337288915
1704,322667.1994060903
1705,481570.36451749865
1706,371867.81771791016
1707,197034.06077872176
1708,765584.3317486616
1709,650624.5044939085
1710,1413279.6925813605
1711,549036.608374631
1712,350247.0885618654
1713,233961.82754195743
1714,223115.22053252853
1715,132345.88079149876
1716,99665.26501432364
1717,207527.02227121813
1718,798147.213418203
1719,700013.901262265
1720,355995.2427632223
1721,503807.00727401604
1722,671613.5020406025
1723,880685.7349126842
1724,1303839.3335624067
1725,261143.17972080602
1726,705938.1646945243
1727,132059.86661030044
1728,541539.5519419238
1729,736620.2939710406
1730,694759.6636264598
1731,270119.4552151915
1732,274689.3273549184
1733,2593825.926104221
1734,185661.68863297557
1735,44202.86034826032
1736,150504.05550043157
1737,144361.55034266599
1738,272020.63404164347
1739,376234.5480242219
1740,460298.00896860904
1741,561569.1770564346
1742,782025.1977225094
1743,379093.00610809075
1744,595381.42455289
1745,573614.9990330727
1746,751949.6981986382
1747,734675.0441000399
1748,199077.46253345307
1749,-138167.18009736313
1750,407993.5376862711
1751,198947.84745798638
1752,498949.53896986425
1753,574797.9481027673
1754,474475.27238169906
1755,219013.10024365014
1756,129215.16070283332
1757,822486.3383362065
1758,565716.5907823081
1759,1018391.9109606196
1760,910402.1819449023
1761,988803.9784245195
1762,762917.44777569
1763,395683.8716696525
1764,470935.0905436572
1765,234668.55005091737
1766,633423.3365029094
1767,263712.3179247396
1768,1419184.948056326
1769,384366.5586665997
1770,404007.42688305106
1771,498083.02160245273
1772,251746.92471876985
1773,318916.0492487205
1774,438113.5082077419
1775,-163937.76557865515
1776,516324.73097467923
1777,424947.76344181434
1778,1885376.4431828684
1779,722264.0000731754
1780,30802.077469029755
1781,872190.2070620114
1782,881227.5223033521
1783,376708.6867003294
1784,331117.80902586866
1785,848264.7158743225
1786,524268.60619978444
1787,630976.8502540799
1788,473472.4527481834
1789,836788.5697451276
1790,1459159.1994697144
1791,316883.2771513454
1792,750641.0069200813
1793,540133.8410751084
1794,682853.4382278561
1795,496614.5451177808
1796,2069177.9089056654
1797,375295.0810629941
1798,558729.6580722387
1799,795867.2820590321
1800,-97171.20100682441
1801,249068.49542564328
1802,267413.55015031266
1803,589032.150986222
1804,148782.23519630672
1805,131846.54154682072
1806,559231.0595597042
1807,543986.0980689804
1808,648686.6294295923
1809,767192.477561711
1810,45693.84142479923
1811,303857.2525945038
1812,346211.06413340673
1813,437157.5254261228
1814,401629.28843695845
1815,1594387.969044656
1816,462173.68878716603
1817,402450.4741575981
1818,133025.32807718444
1819,372180.98996256024
1820,329427.894808689
1821,514561.63398034265
1822,726332.7775995699
1823,1013044.3487785172
1824,92424.75280238985
1825,287268.3077311622
1826,247612.86537765816
1827,348253.64664376713
1828,604134.8017129108
1829,158423.973350243
1830,1600953.7833807282
1831,499110.8117869762
1832,557384.1658182094
1833,291843.5258514078
1834,334954.24247290904
1835,205013.13512411626
1836,669356.4886239731
1837,774877.9400735935
1838,615586.8810475215
1839,420509.66483605804
1840,834851.2967623333
1841,1203243.2180401105
1842,218348.27253723564
1843,650079.3567591219
1844,403057.7816066254
1845,493225.72414386226
1846,703351.83392031
1847,178781.42098750797
1848,645337.0439681216
1849,531584.0899115657
1850,67048.79212922958
1851,336108.4289131381
1852,1339981.6732262354
1853,754465.4389923312
1854,568890.6134862032
1855,210330.56192918803
1856,695268.1670267751
1857,554448.213814077
1858,563982.8634653939
1859,-16919.50496452974
1860,304438.5438042289
1861,436514.93866896885
1862,591764.7416231883
1863,697463.1380205058
1864,1087293.4775282647
1865,12105.199364511936
1866,296106.6932780844
1867,535878.4286508125
1868,958659.3334603971
1869,908187.562464928
1870,455200.300159401
1871,735123.115100753
1872,221888.12457870686
1873,536129.226502759
1874,684217.8635857847
1875,837634.7338207127
1876,458071.4098922374
1877,555881.5331189912
1878,3210.963244389073
1879,623705.0417144452
1880,518981.54346468276
1881,270187.78180166596
1882,-74317.14556391502
1883,699216.4072131234
1884,850269.1464742185
1885,1398785.653177836
1886,1424761.6379559522
1887,204200.13974482944
1888,259505.65915897716
1889,647634.0016199271
1890,670698.0490269681
1891,250165.36900177877
1892,128349.15296454408
1893,509781.7408421531
1894,231553.43123993033
1895,571387.0219424244
1896,244217.3826088251
1897,770468.7973104686
1898,235434.6872286889
1899,157045.08545771206
1900,571229.8638543879
1901,341707.09251203167
1902,585192.0450409629
1903,312837.7915622679
1904,195707.03410814726
1905,894576.372856942
1906,874272.8368201379
1907,175611.05585896713
1908,1128748.2178055006
1909,293402.0282364561
1910,244933.24844666943
1911,575595.8872302024
1912,758658.3455843459
1913,43985.61543222243
1914,826133.7768555952
1915,452116.2209051561
1916,849706.8019713552
1917,519817.30063639034
1918,552107.8685282128
1919,161652.25426149444
1920,764710.9305789437
1921,192269.99254607141
1922,616709.4310121955
1923,498522.5243752693
1924,345964.8393554841
1925,413556.4638516818
1926,353273.4682827754
1927,515931.9892720573
1928,496117.06047076965
1929,692302.856574275
1930,471609.61479426385
1931,734287.6707582597
1932,276201.6354925928
1933,238643.08578525734
1934,300805.35653991415
1935,1491624.0422817697
1936,750221.9562505586
1937,392897.59554142505
1938,846803.0708728726
1939,578639.6229157172
1940,308581.355233417
1941,448967.64680637175
1942,224442.74114444817
1943,-42193.58080074616
1944,654554.963457755
1945,977002.7799811002
1946,873985.8479379155
1947,208287.1767551832
1948,468217.5556200035
1949,222156.9075290343
1950,721074.7854556976
1951,1439083.8223615459
1952,1162720.633097545
1953,1746274.2498566788
1954,180549.73508918984
1955,-61187.64944053095
1956,657749.3512002397
1957,799181.2006631688
1958,567436.3521129349
1959,960081.7794076137
1960,812314.3622014782
1961,499468.6684115733
1962,594055.7412038541
1963,426622.1286343286
1964,1975441.9683758486
1965,553467.2264025687
1966,375866.40278301854
1967,502268.8451354039
1968,211002.97596096573
1969,284003.6913746701
1970,427716.3850512302
1971,1124822.1413409018
1972,264622.57936613995
1973,1119650.002799738
1974,983932.3635413905
1975,1320946.2654771423
1976,79738.09071464906
1977,846092.7081831573
1978,763969.9782341782
1979,667313.2956097043
1980,783421.3299790381
1981,652840.3961742702
1982,371646.7019008511
1983,1166126.0671186845
1984,667094.2056542907
1985,639672.0460459301
1986,1311732.121876128
1987,540769.103617007
1988,174717.23912069428
1989,482130.75592370227
1990,250482.59558181703
1991,650108.8545838675
1992,808320.2749759514
1993,662100.1002953508
1994,407768.2618063934
1995,368770.3329847719
1996,593072.5494249116
1997,661859.7858974468
1998,181653.64282081084
1999,175757.9603384696
2000,557266.1001945143
2001,464259.59704539925
2002,387041.60281969607
2003,1037144.9436071543
2004,417137.13980427594
2005,550434.0555820966
2006,183182.4325246032
2007,79001.68912124378
2008,245821.32132755965
2009,226450.74942452688
2010,747552.9150955038
2011,213662.25671351835
2012,493586.4946952666
2013,264807.32968128653
2014,863969.0916434482
2015,484738.98613329965
2016,-39604.249283564335
2017,276856.37573440553
2018,782973.5032540659
2019,240614.60121148295
2020,279292.9210798894
2021,543575.0545942455
2022,758429.7829927596
2023,503767.74180301675
2024,948230.1228577986
2025,519795.9177237615
2026,1134861.2267442027
2027,462331.82664825034
2028,463447.2563079861
2029,452825.69434333115
2030,1687235.2558095334
2031,51804.835199984314
2032,767461.6485370775
2033,641657.0186443068
2034,63523.84295745578
2035,1415605.9970093572
2036,1472197.9069957086
2037,1034042.8503131394
2038,564461.0273071767
2039,344089.309907197
2040,609943.9500594543
2041,309253.4666108275
2042,622173.3147639523
2043,746408.4771989731
2044,231453.81638469733
2045,596800.9552751307
2046,1038171.3534019403
2047,487142.737540536
2048,714130.4372848348
2049,231327.85179623176
2050,693086.9173915583
2051,622669.7950269859
2052,247974.0722366394
2053,679579.1039717543
2054,1266839.1052509951
2055,901782.1661456404
2056,-29965.564178096247
2057,96424.57699646987
2058,1177476.1965410556
2059,1174075.5524379672
2060,589361.3773229274
2061,1026363.9062143946
2062,465499.38267187565
2063,652509.666461243
2064,647640.6233172041
2065,293299.51113877445
2066,705667.7462489974
2067,717287.7902201762
2068,299830.4283630471
2069,432529.61613582296
2070,836621.0613158131
2071,653489.0693690698
2072,859351.6196918141
2073,600333.7695615963
2074,236396.75104280398
2075,1703406.382540161
2076,492957.67347223044
2077,461804.3437042126
2078,651175.4967313512
2079,458361.52888776513
2080,282843.04638642754
2081,474223.44343906955
2082,836695.0126730241
2083,607906.7757440867
2084,444725.96354904806
2085,717579.5634730463
2086,172319.59966177546
2087,742048.2202454832
2088,-49340.10753350408
2089,339874.45484615956
2090,390336.3143769017
2091,592874.7220434699
2092,415673.21205450257
2093,404692.4039386803
2094,842408.84631083
2095,423307.65643538604
2096,-70141.60644151687
2097,-80581.67506945226
2098,103410.8710240529
2099,860916.458610065
2100,626322.4144924869
2101,624873.4063297929
2102,-91628.43912362852
2103,879229.5187045324
2104,1632285.195257797
2105,417759.20309772214
2106,1209381.4547194343
2107,689747.3045548358
2108,371546.750408123
2109,106300.53584505885
2110,712038.8086090378
2111,941042.5745092803
2112,84981.88791259925
2113,447800.4120488084
2114,712381.9050565321
2115,438692.47896233655
2116,551882.1374163227
2117,481992.13880307984
2118,220974.23902736604
2119,570301.1013038192
2120,233530.9276809856
2121,-34018.171648068615
2122,229240.82895787887
2123,707532.252978946
2124,712998.953771702
2125,44736.36332500144
2126,963294.9184667957
2127,355344.8794628957
2128,950863.6126330004
2129,156381.80698034522
2130,788378.7172755447
2131,499997.21826898283
2132,1086153.2715582352
2133,933303.5502556395
2134,434415.4801916628
2135,-50925.36764468375
2136,824917.2551024426
2137,549897.4268825832
2138,563634.7173148949
2139,622372.6347925874
2140,718070.9797658825
2141,129217.82873320824
2142,-131578.93376039428
2143,1033919.1767708466
2144,533845.024954785
2145,138418.07553986128
2146,218109.93362680572
2147,233254.24429901113
2148,704368.0600642165
2149,380652.29278989707
2150,519696.16200178
2151,498762.9735133592
2152,473737.12656215264
2153,321039.03037749464
2154,639666.2463520668
2155,17722.369977909722
2156,-78406.64191592307
2157,367277.90406402096
2158,518425.20191374444
2159,17167.675269921805
2160,527067.5873240104
2161,451079.3810686675
2162,372074.4965795014
2163,578590.3176612799
2164,587199.3598139158
2165,985243.224359655
2166,797632.2305269573
2167,222958.98460669
2168,486657.9538047017
2169,519352.2152738238
2170,599316.1379545411
2171,604384.835420002
2172,556007.3839470193
2173,530381.165040188
2174,639075.726087644
2175,556534.7293881031
2176,1129637.1440717368
2177,938509.3372140673
2178,319290.8149220265
2179,1019033.4225880136
2180,74748.1728818317
2181,419468.22362445015
2182,533459.6566234613
2183,692123.9717182751
2184,733163.2598727241
2185,78039.59222050803
2186,408067.13454252714
2187,278025.6864415995
2188,482547.3936420891
2189,896344.773626351
2190,223779.35899316607
2191,277381.34061999083
2192,1501711.2129131807
2193,164125.23725071008
2194,783307.8576579541
2195,70236.08534492797
2196,148530.97739679745
2197,905900.394539458
2198,401301.1992955321
2199,684282.0687162727
2200,283342.8167625924
2201,1154103.8822626707
2202,466729.9452631321
2203,350767.7529063717
2204,720491.1473265927
2205,266360.23910069955
2206,423359.5028808102
2207,-10835.861927390943
2208,94072.6674849185
2209,1031257.0592601488
2210,235579.95091474638
2211,425421.15654140164
2212,-46578.543116731744
2213,33202.37838417664
2214,411775.5258061971
2215,1267933.76959017
2216,578269.8190293038
2217,237622.40349815285
2218,211372.46676059882
2219,792697.8203838171
2220,595218.1645175611
2221,906636.7007223545
2222,560434.4129768118
2223,324845.77183745615
2224,507030.60547951714
2225,593145.9857619862
2226,287036.83789001615
2227,323905.3826897319
2228,1011206.7468183909
2229,574444.7444923134
2230,670574.1974469734
2231,-125804.19221066327
2232,393074.10161766456
2233,542475.1444080011
2234,499769.15672704333
2235,465831.0472446255
2236,411230.77129796986
2237,428750.13199021353
2238,143591.42498701607
2239,257687.84681242268
2240,271306.92708520644
2241,468094.1884837907
2242,597987.6726471692
2243,476899.1386871642
2244,755898.7129804728
2245,483015.7589991505
2246,966295.1317000487
2247,944903.7083941398
2248,494591.0837385766
2249,364857.70929265907
2250,615585.5467970031
2251,374772.3903626562
2252,240391.40148564585
2253,632251.1633795936
2254,383794.1379536247
2255,485404.7822310381
2256,122176.07026614249
2257,341490.05809283874
2258,70686.01793918741
2259,640286.5640742679
2260,209065.8179826502
2261,378004.32613018644
2262,950029.6000550727
2263,1004674.0142797478
2264,497896.5065929368
2265,274550.57184802566
2266,520152.81568372005
2267,339956.01799864764
2268,712099.1038358639
2269,329308.7276927468
2270,634068.6066039561
2271,433142.39911824756
2272,418047.19700986124
2273,431009.72542808135
2274,135800.67790420592
2275,999398.2061663549
2276,616062.964224888
2277,778703.214375288
2278,1096218.6995597037
2279,916475.5689921887
2280,604119.7827324694
2281,196777.2470532027
2282,508970.3830323842
2283,1509406.020259367
2284,296444.0290721934
2285,449203.7924766266
2286,449807.5079736238
2287,850731.2619129948
2288,704641.7974384287
2289,253672.44659044646
2290,787978.5111057517
2291,185226.75909402664
2292,1477430.2969487596
2293,555758.9870744768
2294,424927.01906248124
2295,689360.1253812022
2296,651344.4083105535
2297,761392.0720793767
2298,123065.76100246632
2299,232083.8150001302
2300,360317.47988591145
2301,761671.8597251624
2302,1824315.7022922942
2303,1269403.4904755522
2304,582623.7578330421
2305,162038.2286310158
2306,121369.45416665799
2307,325550.1711010956
2308,339035.91589635983
2309,637540.2923032966
2310,269163.56517213024
2311,177164.77552365512
2312,411127.87738921784
2313,548014.9163936062
2314,593003.6460035209
2315,1366150.2389771244
2316,264805.9530980771
2317,464656.5729866356
2318,1178158.1712040647
2319,594045.2017911277
2320,547805.0917280316
2321,430072.9904429938
2322,232348.28634757217
2323,575990.901400122
2324,544996.6759473718
2325,173462.46141243074
2326,91826.34078935883
2327,284259.45066680387
2328,117099.67832296045
2329,260789.5697647804
2330,358128.4465160613
2331,1238966.099706051
2332,283953.39052474225
2333,305967.5513590898
2334,295341.23679451435
2335,442970.57683144684
2336,1271733.6943153725
2337,463532.08951152174
2338,315374.87591261277
2339,306259.0744429752
2340,854995.8603612245
2341,1193879.618223327
2342,355711.1997418711
2343,1385257.7839525854
2344,450800.3824969395
2345,1083306.654860122
2346,391343.910840858
2347,513906.8851117046
2348,779238.5933459926
2349,906481.6749522665
2350,747146.5599473034
2351,220906.49603122094
2352,912578.0855372401
2353,439787.0363291787
2354,266904.3257711169
2355,659400.773128322
2356,562995.6554746208
2357,567786.5126441427
2358,306963.69810752175
2359,248444.62093212124
2360,156372.95262697537
2361,540069.9264648309
2362,221487.71023646247
2363,513463.3123304867
2364,344070.569779953
2365,101150.6554842412
2366,720321.6592315976
2367,881144.7324787863
2368,63939.51568515162
2369,642600.6285127896
2370,389722.5060310628
2371,245534.54539128137
2372,429856.5009327665
2373,421197.0146229805
2374,254484.52710833296
2375,742496.6781141949
2376,26959.13894810388
2377,312110.47379638685
2378,307196.52910986065
2379,1090974.031070297
2380,190736.49499605037
2381,868108.6670298679
2382,400327.87407010724
2383,445547.40383542946
2384,1021890.4613946273
2385,666316.4430636255
2386,597106.7153870447
2387,874448.6357807347
2388,273902.1194265722
2389,562356.0066571187
2390,265021.474496212
2391,379652.6675201333
2392,86433.11466267222
2393,248964.9859016367
2394,416066.2452417988
2395,229489.26917768613
2396,813410.9004449527
2397,-39929.640094759176
2398,613713.862399135
2399,523131.9167409034
2400,228082.20651626185
2401,626367.6466403515
2402,549170.45929921
2403,-79211.74352767965
2404,638865.7070409948
2405,1237740.8471679757
2406,622626.7661079975
2407,412951.17896176677
2408,1345403.8215443443
2409,851451.716465607
2410,179540.64881311374
2411,359813.95178158
2412,738644.5796056862
2413,1071977.2944185964
2414,36117.63281255466
2415,497993.58004493045
2416,456182.65048388776
2417,1022670.614860882
2418,465813.93424048356
2419,247921.77575815213
2420,244458.06620634208
2421,536985.863631292
2422,489359.27871363587
2423,1123631.0570488242
2424,437162.4289898502
2425,1744694.3873029544
2426,274612.74209280754
2427,303041.1221920459
2428,141217.52973281476
2429,396911.98460350255
2430,468130.9496598926
2431,919825.2604691242
2432,511166.13404465467
2433,-35839.00823916195
2434,476585.72061456647
2435,356156.5067790061
2436,962240.7395624828
2437,498664.59606599086
2438,1016403.8169345043
2439,536850.9328831447
2440,272794.9246822552
2441,470077.82929893467
2442,1040338.20774871
2443,337017.0559932336
2444,897457.7510958828
2445,1100152.1563221011
2446,395394.412973691
2447,443850.50264249183
2448,-175297.64397381461
2449,569500.377982145
2450,58847.18293606874
2451,378006.5600500407
2452,570861.475857924
2453,470061.31127970654
2454,878254.9377808783
2455,815716.6839719571
2456,239122.13539747533
2457,472465.5837829802
2458,70597.22929512331
2459,517803.41749785224
2460,478856.3382805333
2461,568159.8962105497
2462,532713.4107045459
2463,465335.00570054166
2464,562402.0156722324
2465,755170.265196724
2466,561572.4551060408
2467,168773.05862482678
2468,1256563.363822621
2469,427005.5108194606
2470,626773.5638816442
2471,266862.08626132726
2472,361374.19990805525
2473,703744.0930794101
2474,111372.7441731423
2475,829501.4204101847
2476,192763.14450176357
2477,424437.4516683351
2478,67862.84921003546
2479,649404.5170931462
2480,531551.7587507118
2481,724328.8398149641
2482,519301.18654464383
2483,358699.14090738166
2484,820364.803824441
2485,926405.2607830197
2486,140322.11367294856
2487,1067537.2589209657
2488,673292.5601998855
2489,422746.9345649014
2490,611025.5547032863
2491,1008287.4863442453
2492,1197883.319678409
2493,-79112.48250330435
2494,310145.3930939017
2495,358218.67622366396
2496,653874.5426626761
2497,401210.6520813833
2498,425069.4592552722
2499,732215.7136326231
2500,667361.9882733863
2501,411760.7211064232
2502,149748.92333015776
2503,202869.00921694125
2504,542268.8585256542
2505,232979.57149146037
2506,1090721.5611499762
2507,355062.1172049447
2508,125975.42263825878
2509,900155.3893648617
2510,958039.9304704033
2511,643779.2735337078
2512,832197.1610668066
2513,495102.022814563
2514,207395.84002201544
2515,511494.83604770864
2516,714609.5549267549
2517,401513.1766339404
2518,423522.1540724926
2519,576888.9567271264
2520,419997.5596530186
2521,474353.2471059726
2522,557080.4837606876
2523,950828.4276026348
2524,1166154.2402200657
2525,429634.41576857795
2526,717999.3834784878
2527,963035.7210971089
2528,850533.4924417988
2529,415879.8859549648
2530,290912.1203312931
2531,948510.5253146868
2532,288751.13547147287
2533,482996.3614291897
2534,700263.6838029923
2535,520291.77897654555
2536,380928.0172635489
2537,40516.81627485936
2538,805969.3865046669
2539,519732.86249931983
2540,126953.16196631338
2541,679679.8029827438
2542,964888.9613984921
2543,314188.58504069294
2544,453516.9148072433
2545,828606.233714106
2546,302744.5203836359
2547,239206.82045125007
2548,347738.0046629356
2549,449118.0749814502
2550,395487.047984474
2551,333330.2411497311
2552,678861.2440742974
2553,862954.9638219243
2554,436763.66423757083
2555,475142.21983764635
2556,572470.576237069
2557,513399.7436784378
2558,213803.47994217643
2559,650405.4398504626
2560,61562.45438467222
2561,379393.9693912142
2562,1138611.5864267112
2563,423265.30423402274
2564,314619.5584430841
2565,927609.3597449076
2566,1119339.9107360558
2567,933446.640904702
2568,305201.4409459594
2569,1143821.310905734
2570,434126.4390714178
2571,183850.0456796899
2572,428187.4319353147
2573,595460.4877228528
2574,199021.47115908272
2575,-47013.590388367535
2576,725885.7374357749
2577,992667.1776162684
2578,1718148.8352109157
2579,666406.7239751215
2580,101879.97326403519
2581,667381.1615535946
2582,274408.3529323554
2583,245376.12534472946
2584,293436.0564943572
2585,161113.25405693246
2586,530409.5029351152
2587,591317.9257190701
2588,1020587.5229733766
2589,415773.6872106934
2590,513483.5240348679
2591,460143.7045377565
2592,168963.72152627946
2593,1392409.6985943285
2594,800157.438569757
2595,891662.2852737559
2596,577392.6957566069
2597,268030.9294217758
2598,403343.282303708
2599,507074.8934066234
2600,538619.7291434471
2601,595719.8561755642
2602,-24781.0780736827
2603,1030689.5549935866
2604,534813.4430235904
2605,716818.61801486
2606,370846.1627343962
2607,349916.8082497987
2608,218806.2610557134
2609,1117631.951909401
2610,958422.1710420265
2611,771268.0518532137
2612,183640.40826813882
2613,184020.11411072506
2614,254118.47968050698
2615,1067477.1112863282
2616,683280.6830288233
2617,368374.44929505815
2618,429406.44821875344
2619,384247.870486627
2620,947429.5839945683
2621,398434.18910426064
2622,383655.46478886146
2623,1667480.4924134484
2624,457880.6451540636
2625,119672.12928988255
2626,552664.565634524
2627,353661.35065245465
2628,42991.85790902132
2629,298823.5722831617
2630,449813.333746511
2631,252101.5563103828
2632,1195902.9529207328
2633,1006529.5689187723
2634,1820296.8034050262
2635,868052.3900730172
2636,397650.2024954244
2637,333706.75075931894
2638,207118.8420509901
2639,1321508.7793058993
2640,168930.15990677115
2641,544756.4640995142
2642,623712.3442842999
2643,196793.17599179753
2644,510487.6571664589
2645,377493.75881636934
2646,497022.92264241586
2647,718201.6048994828
2648,529386.1425294852
2649,496168.15280851873
2650,147615.9012572869
2651,446475.57253363775
2652,581604.5111769597
2653,730560.9907884325
2654,835637.2701507751
2655,713526.3066698172
2656,-37890.46493076693
2657,387299.4880400216
2658,339084.0127421828
2659,106972.52270179946
2660,297755.52102489164
2661,271317.1851983331
2662,710228.7070965663
2663,910526.9121312418
2664,761221.3497716916
2665,873579.9590035314
2666,406713.47231304867
2667,611970.5752494723
2668,1079283.3063521562
2669,694459.83284214
2670,50360.97735273506
2671,636277.9199591345
2672,610893.3082835835
2673,657114.3256874256
2674,541238.857519477
2675,529636.5515579605
2676,680265.8437409071
2677,567889.1163962211
2678,196776.61935967044
2679,792045.9144877443
2680,328972.2731809203
2681,603252.3462081102
2682,-120495.78623332805
2683,642002.3794299717
2684,542888.4136744965
2685,231692.22118591482
2686,927252.4925882979
2687,695763.7074775429
2688,328421.2178622929
2689,1206526.0713991171
2690,116385.07476090011
2691,740269.0341914927
2692,181754.338192907
2693,351199.84171624796
2694,376407.4884589489
2695,309183.23280613206
2696,191969.92459269112
2697,311072.5163527208
2698,458025.72686141415
2699,874647.3352769795
2700,323879.84667029884
2701,343281.76814639615
2702,349994.82251419954
2703,336690.5342220814
2704,224085.10591701203
2705,338308.8750005523
2706,869750.6125158614
2707,786986.4241370946
2708,768514.5259863025
2709,173227.8760597295
2710,409104.3213749713
2711,1761581.7108035889
2712,676678.7320560453
2713,574390.2208103645
2714,576215.6214444673
2715,525284.8572257787
2716,624366.3378255997
2717,1313985.3353966468
2718,683983.06004147
2719,421202.29346997815
2720,619137.8443103055
2721,556127.1951930063
2722,87926.35695911979
2723,-87560.5074939162
2724,2483528.520218297
2725,314862.7187357055
2726,313279.9979455429
2727,862040.9808115608
2728,940537.4299100947
2729,223184.40069891105
2730,557566.063146372
2731,263208.5775757824
2732,718669.3615928265
2733,2262280.0116014243
2734,1115492.1274263044
2735,790634.2948174289
2736,448153.8786367709
2737,180870.34409841534
2738,181439.70049683662
2739,1055402.1361862621
2740,389882.3758435693
2741,922742.9188017566
2742,451096.23265637585
2743,400924.1710371254
2744,707152.1472692488
2745,484896.670738789
2746,1124739.39925158
2747,202712.73088557762
2748,436926.74054671696
2749,882523.2448483049
2750,550133.4019340994
2751,466487.9339211398
2752,317240.9059741647
2753,655280.185492163
2754,825604.2647812229
2755,891736.6202062469
2756,459770.24138990813
2757,331931.09514354076
2758,642660.060482728
2759,613953.9418329482
2760,511443.0512761376
2761,814654.2736247915
2762,227116.66813874705
2763,1708594.4791407257
2764,522266.91190969676
2765,399545.2517293942
2766,1003477.8927036766
2767,609806.697211232
2768,251568.14497643046
2769,407600.9543060631
2770,472211.8658425859
2771,201550.19252594077
2772,290769.9623607333
2773,695763.2724346503
2774,1010210.8326434668
2775,201060.2911245512
2776,399878.45129465044
2777,869882.9761457092
2778,458655.58350894635
2779,-106053.0385432253
2780,2533543.50618005
2781,311800.498666944
2782,518058.5275305518
2783,187665.32072430913
2784,808230.7334614837
2785,495427.2632353569
2786,678427.8985537612
2787,1166052.219422635
2788,525308.8680176175
2789,633022.3175630323
2790,246600.07908453757
2791,861776.8128857657
2792,436708.1522286668
2793,794460.7063370831
2794,92106.69065108005
2795,343647.8432420747
2796,183633.61454093666
2797,793389.0151699539
2798,407323.3502013992
2799,365785.66698978527
2800,896635.8888379133
2801,344540.9954293885
2802,514475.2361867712
2803,1249868.2466058815
2804,385627.18678316684
2805,266019.7250174079
2806,362973.2473390439
2807,1224343.2645661125
2808,347191.7469496804
2809,391037.2283667651
2810,1033699.8959839987
2811,1693634.7091140798
2812,168866.2546103035
2813,-3521.071592155524
2814,364007.5133101753
2815,658025.3985069972
2816,479627.86567132955
2817,337852.62854283804
2818,340881.8370541739
2819,1260170.9280060316
2820,569123.0482693329
2821,65768.3977768236
2822,634503.9165025072
2823,724283.6123989928
2824,339941.97857254813
2825,459441.36154385924
2826,1059223.7092869023
2827,1217468.4633020298
2828,176409.4919760336
2829,743288.5488559777
2830,441716.0070282541
2831,1286215.1730263692
2832,210874.11202967423
2833,284045.96675341483
2834,114150.2989860315
2835,248466.21806389885
2836,620706.6691667156
2837,209984.6969124846
2838,1966250.757816981
2839,206845.1628200835
2840,974603.5895100909
2841,523067.93339869904
2842,405135.8481041733
2843,538915.3693582037
2844,599109.5542953497
2845,996663.7954198204
2846,466440.83245256066
2847,439918.5784969798
2848,2401834.148634084
2849,239581.94652143074
2850,560469.4817461298
2851,638267.1361987088
2852,375143.4446817273
2853,293795.21226494305
2854,345599.43048826244
2855,151640.37777059077
2856,341301.37458758685
2857,497955.5112230198
2858,567832.7111759278
2859,399412.208180459
2860,300694.85708988854
2861,673741.4370838522
2862,868845.1365334687
2863,614891.8542029399
2864,524597.480464507
2865,511334.1474582121
2866,527049.3610226974
2867,174420.55314047082
2868,373622.29656496306
2869,447858.2247586878
2870,-102416.78797324543
2871,386122.2397814386
2872,103128.77639854618
2873,510774.426397488
2874,388667.8381122709
2875,256799.39597876027
2876,219079.39947589807
2877,574507.2404147986
2878,538247.8355839298
2879,274623.42515771766
2880,617139.9673802609
2881,318286.63579184236
2882,532915.8320546251
2883,338739.12865852274
2884,206138.71197868627
2885,424555.64999701374
2886,831694.9107170072
2887,337116.1948156329
2888,664075.3711774298
2889,544289.6673761653
2890,1449962.9919277013
2891,568559.2264301699
2892,773825.4017402084
2893,22241.190792318288
2894,354506.020807966
2895,231972.57176911336
2896,62189.802709476266
2897,621249.7997898976
2898,287601.5356766542
2899,317748.52898529684
2900,542623.1792807154
2901,314937.25838863826
2902,331498.79906908993
2903,374524.03622422635
2904,280008.2342430866
2905,232734.25013719377
2906,429224.0911037738
2907,805888.9463912233
2908,522674.00194863905
2909,438074.1104941381
2910,880348.0965406899
2911,386064.98883837694
2912,1397191.0245384104
2913,418852.4444451515
2914,657019.6610369332
2915,857468.428567901
2916,742692.6215239841
2917,701155.9854379945
2918,-167674.01107009262
2919,396851.7150910004
2920,1071267.3115310073
2921,551974.9901450342
2922,333840.13412197016
2923,2101078.7056826637
2924,461916.1315412017
2925,225730.45197556622
2926,698420.5914478585
2927,191453.01995028806
2928,453926.34158605826
2929,1697108.1068474073
2930,517615.6712118342
2931,411138.21651322045
2932,530329.0168170499
2933,292912.4930815698
2934,361320.564460924
2935,158978.3313932878
2936,1458012.208578809
2937,504885.20809505007
2938,209641.44781102106
2939,721912.3006775077
2940,174191.90134145756
2941,344262.3141660864
2942,396883.63834163186
2943,404219.2536547133
2944,245129.88532239269
2945,289396.69377097883
2946,463722.4913827251
2947,362807.0701725574
2948,949168.1884360325
2949,1751450.1039089423
2950,818355.6745368573
2951,492052.91079118557
2952,1087031.5900468647
2953,382515.6062503089
2954,504228.9797188061
2955,493729.4872056969
2956,954079.3201434969
2957,467786.611004947
2958,1188783.5751717943
2959,362148.2119871188
2960,935837.4341838819
2961,627249.2668845915
2962,354848.4338892468
2963,347496.0374306729
2964,331640.24347433925
2965,130954.88388925284
2966,151568.49473371566
2967,870809.7375672341
2968,599105.8165795497
2969,405640.1210681702
2970,487889.0699552018
2971,585593.9065204245
2972,757124.8227156871
2973,220175.59595084202
2974,425824.73714518605
2975,162805.61964358797
2976,849564.4171382757
2977,155116.27462395397
2978,622832.9582986145
2979,486686.3754617907
2980,599786.6932683035
2981,515330.26145750063
2982,647350.2055833717
2983,658249.1346162157
2984,330614.2028550651
2985,574439.6152405262
2986,762657.1247219264
2987,665226.4025324235
2988,337839.0098276951
2989,1050402.8146652626
2990,531682.874589564
2991,778979.6869974142
2992,315208.7536102701
2993,229928.23295080115
2994,278804.5759771128
2995,733786.8893826648
2996,233237.6992695916
2997,990886.4565732225
2998,1071694.6739519497
